<?xml version="1.0" encoding="UTF-8" standalone="yes"?>
<xdr:wsDr xmlns:xdr="http://schemas.openxmlformats.org/drawingml/2006/spreadsheetDrawing" xmlns:a="http://schemas.openxmlformats.org/drawingml/2006/main"><mc:AlternateContent xmlns:mc="http://schemas.openxmlformats.org/markup-compatibility/2006"><mc:Choice xmlns:a14="http://schemas.microsoft.com/office/drawing/2010/main" Requires="a14"><xdr:twoCellAnchor editAs="oneCell"><xdr:from><xdr:col>3</xdr:col><xdr:colOff>0</xdr:colOff><xdr:row>22</xdr:row><xdr:rowOff>0</xdr:rowOff></xdr:from><xdr:to><xdr:col>4</xdr:col><xdr:colOff>304800</xdr:colOff><xdr:row>25</xdr:row><xdr:rowOff>137160</xdr:rowOff></xdr:to><xdr:sp macro="" textlink=""><xdr:nvSpPr><xdr:cNvPr id="3073" name="Object 1" hidden="1"><a:extLst><a:ext uri="{63B3BB69-23CF-44E3-9099-C40C66FF867C}"><a14:compatExt spid="_x0000_s3073"/></a:ext><a:ext uri="{FF2B5EF4-FFF2-40B4-BE49-F238E27FC236}"><a16:creationId xmlns:a16="http://schemas.microsoft.com/office/drawing/2014/main" id="{84C08BD0-45C5-F13A-8739-5BEEB44360BE}"/></a:ext></a:extLst></xdr:cNvPr><xdr:cNvSpPr/></xdr:nvSpPr><xdr:spPr bwMode="auto"><a:xfrm><a:off x="0" y="0"/><a:ext cx="0" cy="0"/></a:xfrm><a:prstGeom prst="rect"><a:avLst/></a:prstGeom><a:solidFill><a:srgbClr val="FFFFFF" mc:Ignorable="a14" a14:legacySpreadsheetColorIndex="65"/></a:solidFill><a:ln w="9525"><a:solidFill><a:srgbClr val="000000" mc:Ignorable="a14" a14:legacySpreadsheetColorIndex="64"/></a:solidFill><a:prstDash val="solid"/><a:miter lim="800000"/><a:headEnd/><a:tailEnd type="none" w="med" len="med"/></a:ln><a:effectLst/><a:extLst><a:ext uri="{AF507438-7753-43E0-B8FC-AC1667EBCBE1}"><a14:hiddenEffects><a:effectLst><a:outerShdw dist="35921" dir="2700000" algn="ctr" rotWithShape="0"><a:srgbClr val="808080"/></a:outerShdw></a:effectLst></a14:hiddenEffects></a:ext></a:extLst></xdr:spPr></xdr:sp><xdr:clientData/></xdr:twoCellAnchor></mc:Choice><mc:Fallback/></mc:AlternateContent><mc:AlternateContent xmlns:mc="http://schemas.openxmlformats.org/markup-compatibility/2006"><mc:Choice xmlns:a14="http://schemas.microsoft.com/office/drawing/2010/main" Requires="a14"><xdr:twoCellAnchor editAs="oneCell"><xdr:from><xdr:col>5</xdr:col><xdr:colOff>0</xdr:colOff><xdr:row>22</xdr:row><xdr:rowOff>0</xdr:rowOff></xdr:from><xdr:to><xdr:col>6</xdr:col><xdr:colOff>304800</xdr:colOff><xdr:row>25</xdr:row><xdr:rowOff>137160</xdr:rowOff></xdr:to><xdr:sp macro="" textlink=""><xdr:nvSpPr><xdr:cNvPr id="3075" name="Object 3" hidden="1"><a:extLst><a:ext uri="{63B3BB69-23CF-44E3-9099-C40C66FF867C}"><a14:compatExt spid="_x0000_s3075"/></a:ext><a:ext uri="{FF2B5EF4-FFF2-40B4-BE49-F238E27FC236}"><a16:creationId xmlns:a16="http://schemas.microsoft.com/office/drawing/2014/main" id="{069BAC81-F8B9-5101-BF7B-34BE12E6F951}"/></a:ext></a:extLst></xdr:cNvPr><xdr:cNvSpPr/></xdr:nvSpPr><xdr:spPr bwMode="auto"><a:xfrm><a:off x="0" y="0"/><a:ext cx="0" cy="0"/></a:xfrm><a:prstGeom prst="rect"><a:avLst/></a:prstGeom><a:solidFill><a:srgbClr val="FFFFFF" mc:Ignorable="a14" a14:legacySpreadsheetColorIndex="65"/></a:solidFill><a:ln w="9525"><a:solidFill><a:srgbClr val="000000" mc:Ignorable="a14" a14:legacySpreadsheetColorIndex="64"/></a:solidFill><a:prstDash val="solid"/><a:miter lim="800000"/><a:headEnd/><a:tailEnd type="none" w="med" len="med"/></a:ln><a:effectLst/><a:extLst><a:ext uri="{AF507438-7753-43E0-B8FC-AC1667EBCBE1}"><a14:hiddenEffects><a:effectLst><a:outerShdw dist="35921" dir="2700000" algn="ctr" rotWithShape="0"><a:srgbClr val="808080"/></a:outerShdw></a:effectLst></a14:hiddenEffects></a:ext></a:extLst></xdr:spPr></xdr:sp><xdr:clientData/></xdr:twoCellAnchor></mc:Choice><mc:Fallback/></mc:AlternateContent></xdr:wsDr>