<?xml version="1.0" encoding="UTF-8" standalone="yes"?>
<sst xmlns="http://schemas.openxmlformats.org/spreadsheetml/2006/main" count="42" uniqueCount="20"><si><t>Group Name</t></si><si><t>ABC Ltd</t></si><si><t>Group Number</t></si><si><t>Renewal Date</t></si><si><t>No of employees enrolled</t></si><si><t>Group State</t></si><si><t>CT</t></si><si><t>Market</t></si><si><t>Large</t></si><si><t>In Network (IN):</t></si><si><t>Copay</t></si><si><t>30/45</t></si><si><t>IN Coinsurance %</t></si><si><t>100/0</t></si><si><t>IN Deductible</t></si><si><t>2500/5000</t></si><si><t>Out of Network (OON):</t></si><si><t>OON Coinsurance %</t></si><si><t>OON Deductible</t></si><si><t>XYZ Ltd</t></si></sst>