<?xml version="1.0" encoding="UTF-8" standalone="yes"?>
<worksheet xmlns="http://schemas.openxmlformats.org/spreadsheetml/2006/main" xmlns:r="http://schemas.openxmlformats.org/officeDocument/2006/relationships" xmlns:mc="http://schemas.openxmlformats.org/markup-compatibility/2006" mc:Ignorable="x14ac xr xr2 xr3" xmlns:x14ac="http://schemas.microsoft.com/office/spreadsheetml/2009/9/ac" xmlns:xr="http://schemas.microsoft.com/office/spreadsheetml/2014/revision" xmlns:xr2="http://schemas.microsoft.com/office/spreadsheetml/2015/revision2" xmlns:xr3="http://schemas.microsoft.com/office/spreadsheetml/2016/revision3" xr:uid="{00000000-0001-0000-0100-000000000000}"><dimension ref="A1:B15"/><sheetViews><sheetView zoomScale="111" workbookViewId="0"><selection activeCell="B26" sqref="B26"/></sheetView></sheetViews><sheetFormatPr defaultRowHeight="14.4" x14ac:dyDescent="0.3"/><cols><col min="1" max="1" width="22.88671875" bestFit="1" customWidth="1"/><col min="2" max="2" width="10.33203125" bestFit="1" customWidth="1"/></cols><sheetData><row r="1" spans="1:2" x14ac:dyDescent="0.3"><c r="A1" s="1" t="s"><v>0</v></c><c r="B1" t="s"><v>1</v></c></row><row r="2" spans="1:2" x14ac:dyDescent="0.3"><c r="A2" s="1" t="s"><v>2</v></c><c r="B2"><v>123</v></c></row><row r="3" spans="1:2" x14ac:dyDescent="0.3"><c r="A3" s="1" t="s"><v>3</v></c><c r="B3" s="2"><v>45292</v></c></row><row r="6" spans="1:2" x14ac:dyDescent="0.3"><c r="A6" s="1" t="s"><v>4</v></c><c r="B6"><v>20</v></c></row><row r="7" spans="1:2" x14ac:dyDescent="0.3"><c r="A7" s="1" t="s"><v>5</v></c><c r="B7" t="s"><v>6</v></c></row><row r="8" spans="1:2" x14ac:dyDescent="0.3"><c r="A8" s="1" t="s"><v>7</v></c><c r="B8" t="s"><v>8</v></c></row><row r="9" spans="1:2" x14ac:dyDescent="0.3"><c r="A9" s="3" t="s"><v>9</v></c><c r="B9" s="4"/></row><row r="10" spans="1:2" x14ac:dyDescent="0.3"><c r="A10" s="1" t="s"><v>10</v></c><c r="B10" t="s"><v>11</v></c></row><row r="11" spans="1:2" x14ac:dyDescent="0.3"><c r="A11" s="1" t="s"><v>12</v></c><c r="B11" t="s"><v>13</v></c></row><row r="12" spans="1:2" x14ac:dyDescent="0.3"><c r="A12" s="1" t="s"><v>14</v></c><c r="B12" t="s"><v>15</v></c></row><row r="13" spans="1:2" x14ac:dyDescent="0.3"><c r="A13" s="3" t="s"><v>16</v></c><c r="B13" s="4"/></row><row r="14" spans="1:2" x14ac:dyDescent="0.3"><c r="A14" s="1" t="s"><v>17</v></c><c r="B14" t="s"><v>13</v></c></row><row r="15" spans="1:2" x14ac:dyDescent="0.3"><c r="A15" s="1" t="s"><v>18</v></c><c r="B15" t="s"><v>15</v></c></row></sheetData><pageMargins left="0.7" right="0.7" top="0.75" bottom="0.75" header="0.3" footer="0.3"/></worksheet>