<?xml version="1.0" encoding="UTF-8" standalone="yes"?>
<worksheet xmlns="http://schemas.openxmlformats.org/spreadsheetml/2006/main" xmlns:r="http://schemas.openxmlformats.org/officeDocument/2006/relationships" xmlns:xdr="http://schemas.openxmlformats.org/drawingml/2006/spreadsheetDrawing" xmlns:x14="http://schemas.microsoft.com/office/spreadsheetml/2009/9/main" xmlns:mc="http://schemas.openxmlformats.org/markup-compatibility/2006" mc:Ignorable="x14ac xr xr2 xr3" xmlns:x14ac="http://schemas.microsoft.com/office/spreadsheetml/2009/9/ac" xmlns:xr="http://schemas.microsoft.com/office/spreadsheetml/2014/revision" xmlns:xr2="http://schemas.microsoft.com/office/spreadsheetml/2015/revision2" xmlns:xr3="http://schemas.microsoft.com/office/spreadsheetml/2016/revision3" xr:uid="{00000000-0001-0000-0200-000000000000}"><dimension ref="E6"/><sheetViews><sheetView tabSelected="1" topLeftCell="C14" zoomScale="103" workbookViewId="0"><selection activeCell="O30" sqref="O30"/></sheetView></sheetViews><sheetFormatPr defaultRowHeight="14.4" x14ac:dyDescent="0.3"/><sheetData><row r="6" spans="5:5" x14ac:dyDescent="0.3"><c r="E6" s="5"/></row></sheetData><pageMargins left="0.7" right="0.7" top="0.75" bottom="0.75" header="0.3" footer="0.3"/><pageSetup orientation="portrait" r:id="rId1"/><drawing r:id="rId2"/><legacyDrawing r:id="rId3"/><oleObjects><mc:AlternateContent xmlns:mc="http://schemas.openxmlformats.org/markup-compatibility/2006"><mc:Choice Requires="x14"><oleObject progId="Excel.SheetMacroEnabled.12" dvAspect="DVASPECT_ICON" link="[1]!''''" oleUpdate="OLEUPDATE_ALWAYS" shapeId="3073"><objectPr defaultSize="0" dde="1" r:id="rId4"><anchor moveWithCells="1"><from><xdr:col>3</xdr:col><xdr:colOff>0</xdr:colOff><xdr:row>22</xdr:row><xdr:rowOff>0</xdr:rowOff></from><to><xdr:col>4</xdr:col><xdr:colOff>304800</xdr:colOff><xdr:row>25</xdr:row><xdr:rowOff>137160</xdr:rowOff></to></anchor></objectPr></oleObject></mc:Choice><mc:Fallback><oleObject progId="Excel.SheetMacroEnabled.12" dvAspect="DVASPECT_ICON" link="[1]!''''" oleUpdate="OLEUPDATE_ALWAYS" shapeId="3073"/></mc:Fallback></mc:AlternateContent><mc:AlternateContent xmlns:mc="http://schemas.openxmlformats.org/markup-compatibility/2006"><mc:Choice Requires="x14"><oleObject progId="Excel.SheetMacroEnabled.12" dvAspect="DVASPECT_ICON" link="[2]!''''" oleUpdate="OLEUPDATE_ONCALL" shapeId="3075"><objectPr defaultSize="0" dde="1" r:id="rId5"><anchor moveWithCells="1"><from><xdr:col>5</xdr:col><xdr:colOff>0</xdr:colOff><xdr:row>22</xdr:row><xdr:rowOff>0</xdr:rowOff></from><to><xdr:col>6</xdr:col><xdr:colOff>304800</xdr:colOff><xdr:row>25</xdr:row><xdr:rowOff>137160</xdr:rowOff></to></anchor></objectPr></oleObject></mc:Choice><mc:Fallback><oleObject progId="Excel.SheetMacroEnabled.12" dvAspect="DVASPECT_ICON" link="[2]!''''" oleUpdate="OLEUPDATE_ONCALL" shapeId="3075"/></mc:Fallback></mc:AlternateContent></oleObjects></worksheet>